time,p1_hp,p1_boost,p1_heat,p1_state,p1_posX,p1_posZ,p1_moveX,p1_moveY,p2_hp,p2_boost,p2_heat,p2_state,p2_posX,p2_posZ,p2_moveX,p2_moveY,distance
0.21,100.0,100.0,0.0,IdleState,0.24,-10.38,0.00,0.00,100.0,0.0,0.0,none,0.24,19.41,0.00,0.00,29.79
0.39,100.0,93.0,0.0,SideStepState,-3.16,-10.44,0.00,0.00,100.0,0.0,0.0,none,0.24,19.41,0.00,0.00,30.04
0.51,100.0,93.0,0.0,SideStepState,-4.52,-10.46,0.00,0.00,100.0,0.0,0.0,none,0.24,19.41,0.00,0.00,30.25
0.63,100.0,93.0,0.0,SideStepState,-5.01,-10.47,0.00,0.00,100.0,0.0,0.0,none,0.24,19.41,0.00,0.00,30.34
0.82,100.0,93.0,0.0,IdleState,-5.27,-10.47,0.00,0.00,100.0,0.0,0.0,none,0.24,19.41,0.00,0.00,30.39
1.03,100.0,93.0,0.0,IdleState,-5.29,-10.47,0.00,0.00,100.0,0.0,0.0,none,0.24,19.41,0.00,0.00,30.39
1.13,100.0,95.8,0.0,IdleState,-5.29,-10.47,0.00,0.00,100.0,0.0,0.0,none,0.24,19.41,0.00,0.00,30.39
1.30,100.0,100.0,0.0,WalkState,-5.30,-10.46,-1.00,0.00,100.0,0.0,0.0,none,0.24,19.41,0.00,0.00,30.38
1.45,100.0,100.0,0.0,WalkState,-5.32,-10.45,-0.71,0.71,100.0,0.0,0.0,none,0.24,19.41,0.00,0.00,30.37
1.60,100.0,100.0,0.0,IdleState,-5.33,-10.44,0.00,0.00,100.0,0.0,0.0,none,0.24,19.41,0.00,0.00,30.37
1.71,100.0,100.0,0.0,IdleState,-5.33,-10.44,0.00,0.00,100.0,0.0,0.0,none,0.24,19.41,0.00,0.00,30.37
1.82,100.0,100.0,0.0,IdleState,-5.33,-10.44,0.00,0.00,100.0,0.0,0.0,none,0.24,19.41,0.00,0.00,30.37
1.93,100.0,100.0,0.0,IdleState,-5.33,-10.44,0.00,0.00,100.0,0.0,0.0,none,0.24,19.41,0.00,0.00,30.37
2.03,100.0,100.0,0.0,IdleState,-5.33,-10.44,0.00,0.00,100.0,0.0,0.0,none,0.24,19.41,0.00,0.00,30.37
2.14,100.0,100.0,0.0,IdleState,-5.33,-10.44,0.00,0.00,100.0,0.0,0.0,none,0.24,19.41,0.00,0.00,30.37
2.26,100.0,100.0,0.0,IdleState,-5.33,-10.44,0.00,0.00,100.0,0.0,0.0,none,0.24,19.41,0.00,0.00,30.37
2.37,100.0,100.0,0.0,IdleState,-5.33,-10.44,0.00,0.00,100.0,0.0,0.0,none,0.24,19.41,0.00,0.00,30.37
2.48,100.0,100.0,0.0,IdleState,-5.33,-10.44,0.00,0.00,100.0,0.0,0.0,none,0.24,19.41,0.00,0.00,30.37
2.60,100.0,100.0,0.0,IdleState,-5.33,-10.44,0.00,0.00,100.0,0.0,0.0,none,0.24,19.41,0.00,0.00,30.37
2.73,100.0,100.0,0.0,IdleState,-5.33,-10.44,0.00,0.00,100.0,0.0,0.0,none,0.24,19.41,0.00,0.00,30.37
2.88,100.0,100.0,0.0,IdleState,-5.33,-10.44,0.00,0.00,100.0,0.0,0.0,none,0.24,19.41,0.00,0.00,30.37
2.98,100.0,100.0,0.0,IdleState,-5.33,-10.44,0.00,0.00,100.0,0.0,0.0,none,0.24,19.41,0.00,0.00,30.37
3.10,100.0,100.0,0.0,IdleState,-5.33,-10.44,0.00,0.00,100.0,0.0,0.0,none,0.24,19.41,0.00,0.00,30.37
3.22,100.0,100.0,0.0,IdleState,-5.33,-10.44,0.00,0.00,100.0,0.0,0.0,none,0.24,19.41,0.00,0.00,30.37
3.36,100.0,100.0,0.0,IdleState,-5.33,-10.44,0.00,0.00,100.0,0.0,0.0,none,0.24,19.41,0.00,0.00,30.37
3.51,100.0,100.0,0.0,IdleState,-5.33,-10.44,0.00,0.00,100.0,0.0,0.0,none,0.24,19.41,0.00,0.00,30.37
3.62,100.0,100.0,0.0,WalkState,-5.33,-10.44,1.00,0.00,100.0,0.0,0.0,none,0.24,19.41,0.00,0.00,30.36
3.73,100.0,100.0,0.0,WalkState,-5.29,-10.44,1.00,0.00,100.0,0.0,0.0,none,0.24,19.41,0.00,0.00,30.36
3.85,100.0,100.0,0.0,WalkState,-5.20,-10.44,1.00,0.00,100.0,0.0,0.0,none,0.24,19.41,0.00,0.00,30.34
3.95,100.0,100.0,0.0,WalkState,-5.11,-10.44,1.00,0.00,100.0,0.0,0.0,none,0.24,19.41,0.00,0.00,30.33
4.06,100.0,100.0,0.0,WalkState,-4.97,-10.44,1.00,0.00,100.0,0.0,0.0,none,0.24,19.41,0.00,0.00,30.30
4.18,100.0,100.0,0.0,WalkState,-4.84,-10.44,1.00,0.00,100.0,0.0,0.0,none,0.24,19.41,0.00,0.00,30.28
4.28,100.0,100.0,0.0,WalkState,-4.70,-10.44,1.00,0.00,100.0,0.0,0.0,none,0.24,19.41,0.00,0.00,30.26
4.39,100.0,100.0,0.0,WalkState,-4.51,-10.44,1.00,0.00,100.0,0.0,0.0,none,0.24,19.41,0.00,0.00,30.23
4.51,100.0,100.0,0.0,WalkState,-4.31,-10.44,1.00,0.00,100.0,0.0,0.0,none,0.24,19.41,0.00,0.00,30.20
4.66,100.0,100.0,0.0,WalkState,-4.04,-10.44,1.00,0.00,100.0,0.0,0.0,none,0.24,19.41,0.00,0.00,30.16
4.81,100.0,100.0,0.0,WalkState,-3.80,-10.47,0.71,-0.71,100.0,0.0,0.0,none,0.24,19.41,0.00,0.00,30.16
4.92,100.0,100.0,0.0,RunState,-3.65,-10.55,0.71,-0.71,100.0,0.0,0.0,none,0.24,19.41,0.00,0.00,30.21
5.02,100.0,100.0,0.0,RunState,-3.42,-10.73,0.71,-0.71,100.0,0.0,0.0,none,0.24,19.41,0.00,0.00,30.36
5.13,100.0,100.0,0.0,RunState,-3.17,-10.95,0.71,-0.71,100.0,0.0,0.0,none,0.24,19.41,0.00,0.00,30.55
5.23,100.0,100.0,0.0,RunState,-2.88,-11.22,0.71,-0.71,100.0,0.0,0.0,none,0.24,19.41,0.00,0.00,30.79
5.34,100.0,100.0,0.0,RunState,-2.48,-11.59,0.71,-0.71,100.0,0.0,0.0,none,0.24,19.41,0.00,0.00,31.12
5.44,100.0,100.0,0.0,RunState,-2.13,-11.94,0.71,-0.71,100.0,0.0,0.0,none,0.24,19.41,0.00,0.00,31.44
5.55,100.0,100.0,0.0,RunState,-1.75,-12.31,0.71,-0.71,100.0,0.0,0.0,none,0.24,19.41,0.00,0.00,31.78
5.65,100.0,100.0,0.0,RunState,-1.35,-12.70,0.71,-0.71,100.0,0.0,0.0,none,0.24,19.41,0.00,0.00,32.15
5.76,100.0,100.0,0.0,RunState,-0.94,-13.11,0.71,-0.71,100.0,0.0,0.0,none,0.24,19.41,0.00,0.00,32.54
5.91,100.0,100.0,0.0,RunState,-0.26,-13.79,0.71,-0.71,100.0,0.0,0.0,none,0.24,19.41,0.00,0.00,33.21
6.07,100.0,100.0,0.0,RunState,0.45,-14.50,0.71,-0.71,100.0,0.0,0.0,none,0.24,19.41,0.00,0.00,33.91
6.22,100.0,100.0,0.0,RunState,1.17,-15.22,0.71,-0.71,100.0,0.0,0.0,none,0.24,19.41,0.00,0.00,34.64
6.38,100.0,100.0,0.0,RunState,1.82,-15.86,0.71,-0.71,100.0,0.0,0.0,none,0.24,19.41,0.00,0.00,35.30
6.53,100.0,100.0,0.0,RunState,2.56,-16.60,0.71,-0.71,100.0,0.0,0.0,none,0.24,19.41,0.00,0.00,36.09
6.69,100.0,100.0,0.0,RunState,3.31,-17.35,0.71,-0.71,100.0,0.0,0.0,none,0.24,19.41,0.00,0.00,36.89
6.80,100.0,100.0,0.0,RunState,3.78,-17.82,0.71,-0.71,100.0,0.0,0.0,none,0.24,19.41,0.00,0.00,37.40
6.91,100.0,100.0,0.0,RunState,4.35,-18.39,0.71,-0.71,100.0,0.0,0.0,none,0.24,19.41,0.00,0.00,38.02
7.02,100.0,100.0,0.0,RunState,4.82,-18.86,0.71,-0.71,100.0,0.0,0.0,none,0.24,19.41,0.00,0.00,38.55
7.16,100.0,100.0,0.0,RunState,5.49,-19.53,0.71,-0.71,100.0,0.0,0.0,none,0.24,19.41,0.00,0.00,39.29
7.32,100.0,100.0,0.0,RunState,6.25,-20.29,0.71,-0.71,100.0,0.0,0.0,none,0.24,19.41,0.00,0.00,40.15
7.47,100.0,100.0,0.0,RunState,7.01,-21.05,0.71,-0.71,100.0,0.0,0.0,none,0.24,19.41,0.00,0.00,41.02
7.63,100.0,100.0,0.0,RunState,7.78,-21.81,0.71,-0.71,100.0,0.0,0.0,none,0.24,19.41,0.00,0.00,41.91
7.78,100.0,100.0,0.0,RunState,8.37,-22.65,0.00,-1.00,100.0,0.0,0.0,none,0.24,19.41,0.00,0.00,42.84
7.88,100.0,100.0,0.0,RunState,8.62,-23.21,0.00,-1.00,100.0,0.0,0.0,none,0.24,19.41,0.00,0.00,43.44
7.99,100.0,100.0,0.0,RunState,8.81,-23.80,0.00,-1.00,100.0,0.0,0.0,none,0.24,19.41,0.00,0.00,44.05
8.10,100.0,100.0,0.0,RunState,8.95,-24.41,0.00,-1.00,100.0,0.0,0.0,none,0.24,19.41,0.00,0.00,44.68
8.20,100.0,100.0,0.0,RunState,9.07,-25.16,0.00,-1.00,100.0,0.0,0.0,none,0.24,19.41,0.00,0.00,45.43
8.31,100.0,100.0,0.0,RunState,9.14,-25.79,0.00,-1.00,100.0,0.0,0.0,none,0.24,19.41,0.00,0.00,46.07
8.42,100.0,100.0,0.0,RunState,9.17,-26.42,-0.71,-0.71,100.0,0.0,0.0,none,0.24,19.41,0.00,0.00,46.69
8.57,100.0,100.0,0.0,RunState,8.97,-27.34,-0.71,-0.71,100.0,0.0,0.0,none,0.24,19.41,0.00,0.00,47.56
8.67,100.0,100.0,0.0,RunState,8.73,-27.88,-0.71,-0.71,100.0,0.0,0.0,none,0.24,19.41,0.00,0.00,48.05
8.79,100.0,100.0,0.0,RunState,8.38,-28.50,-0.71,-0.71,100.0,0.0,0.0,none,0.24,19.41,0.00,0.00,48.60
8.90,100.0,100.0,0.0,RunState,8.03,-29.01,-0.71,-0.71,100.0,0.0,0.0,none,0.24,19.41,0.00,0.00,49.04
9.00,100.0,100.0,0.0,RunState,7.58,-29.60,-0.71,-0.71,100.0,0.0,0.0,none,0.24,19.41,0.00,0.00,49.55
9.11,100.0,100.0,0.0,RunState,7.18,-30.08,-0.71,-0.71,100.0,0.0,0.0,none,0.24,19.41,0.00,0.00,49.97
9.22,100.0,100.0,0.0,RunState,6.67,-30.66,-0.71,-0.71,100.0,0.0,0.0,none,0.24,19.41,0.00,0.00,50.48
9.33,100.0,100.0,8.6,RunState,6.24,-31.14,-0.71,-0.71,100.0,0.0,0.0,none,0.24,19.41,0.00,0.00,50.90
9.43,100.0,100.0,6.5,RunState,5.79,-31.61,-0.71,-0.71,100.0,0.0,0.0,none,0.24,19.41,0.00,0.00,51.32
9.54,100.0,100.0,5.2,RunState,5.25,-32.18,-0.71,-0.71,100.0,0.0,0.0,none,0.24,19.41,0.00,0.00,51.84
9.70,100.0,100.0,2.1,RunState,4.61,-32.85,-0.71,-0.71,100.0,0.0,0.0,none,0.24,19.41,0.00,0.00,52.44
9.85,100.0,100.0,0.0,RunState,3.79,-33.44,-1.00,0.00,100.0,0.0,0.0,none,0.24,19.41,0.00,0.00,52.97
10.01,100.0,100.0,0.0,RunState,2.89,-33.81,-1.00,0.00,100.0,0.0,0.0,none,0.24,19.41,0.00,0.00,53.29
10.11,100.0,100.0,0.0,RunState,2.30,-33.97,-1.00,0.00,100.0,0.0,0.0,none,0.24,19.41,0.00,0.00,53.42
10.22,100.0,100.0,0.0,RunState,1.56,-34.10,-1.00,0.00,100.0,0.0,0.0,none,0.24,19.41,0.00,0.00,53.53
10.34,100.0,100.0,0.0,RunState,0.94,-34.18,-1.00,0.00,100.0,0.0,0.0,none,0.24,19.41,0.00,0.00,53.60
10.44,100.0,100.0,0.0,RunState,0.17,-34.25,-1.00,0.00,100.0,0.0,0.0,none,0.24,19.41,0.00,0.00,53.66
10.56,100.0,100.0,0.0,RunState,-0.47,-34.30,-1.00,0.00,100.0,0.0,0.0,none,0.24,19.41,0.00,0.00,53.71
10.67,100.0,100.0,0.0,RunState,-1.25,-34.33,-1.00,0.00,100.0,0.0,0.0,none,0.24,19.41,0.00,0.00,53.77
10.82,100.0,100.0,0.0,RunState,-2.16,-34.33,-0.71,0.71,100.0,0.0,0.0,none,0.24,19.41,0.00,0.00,53.80
10.92,100.0,100.0,0.0,RunState,-2.77,-34.13,0.00,1.00,100.0,0.0,0.0,none,0.24,19.41,0.00,0.00,53.63
11.03,100.0,100.0,0.0,RunState,-3.13,-33.85,0.00,0.00,100.0,0.0,0.0,none,0.24,19.41,0.00,0.00,53.36
11.14,100.0,100.0,0.0,RunState,-3.52,-33.56,-1.00,0.00,100.0,0.0,0.0,none,0.24,19.41,0.00,0.00,53.11
11.30,100.0,100.0,0.0,RunState,-4.18,-33.33,-1.00,0.00,100.0,0.0,0.0,none,0.24,19.41,0.00,0.00,52.92
11.45,100.0,100.0,0.0,RunState,-4.85,-33.20,-1.00,0.00,100.0,0.0,0.0,none,0.24,19.41,0.00,0.00,52.86
11.56,100.0,100.0,0.0,RunState,-5.35,-33.21,-0.71,-0.71,100.0,0.0,0.0,none,0.24,19.41,0.00,0.00,52.92
11.67,100.0,100.0,0.0,RunState,-5.92,-33.38,-0.71,-0.71,100.0,0.0,0.0,none,0.24,19.41,0.00,0.00,53.14
11.78,100.0,100.0,0.0,RunState,-6.48,-33.65,-0.71,-0.71,100.0,0.0,0.0,none,0.24,19.41,0.00,0.00,53.49
11.93,100.0,100.0,0.0,RunState,-7.12,-34.07,-0.71,-0.71,100.0,0.0,0.0,none,0.24,19.41,0.00,0.00,53.99
12.03,100.0,100.0,0.0,RunState,-7.58,-34.42,-0.71,-0.71,100.0,0.0,0.0,none,0.24,19.41,0.00,0.00,54.39
12.15,100.0,100.0,0.0,RunState,-8.12,-34.87,-0.71,-0.71,100.0,0.0,0.0,none,0.24,19.41,0.00,0.00,54.92
12.33,100.0,100.0,0.0,RunState,-8.74,-35.69,0.00,-1.00,100.0,0.0,0.0,none,0.24,19.41,0.00,0.00,55.83
12.44,100.0,100.0,0.0,RunState,-8.89,-36.18,0.71,-0.71,100.0,0.0,0.0,none,0.24,19.41,0.00,0.00,56.33
12.57,100.0,100.0,0.0,RunState,-8.84,-36.83,0.71,-0.71,100.0,0.0,0.0,none,0.24,19.41,0.00,0.00,56.97
12.72,100.0,100.0,0.0,RunState,-8.55,-37.55,0.71,-0.71,100.0,0.0,0.0,none,0.24,19.41,0.00,0.00,57.64
12.88,100.0,100.0,0.0,RunState,-8.09,-38.27,0.71,-0.71,100.0,0.0,0.0,none,0.24,19.41,0.00,0.00,58.28
13.04,100.0,100.0,0.0,RunState,-7.61,-38.89,0.71,-0.71,100.0,0.0,0.0,none,0.24,19.41,0.00,0.00,58.83
13.19,100.0,100.0,0.0,RunState,-6.99,-39.62,0.71,-0.71,100.0,0.0,0.0,none,0.24,19.41,0.00,0.00,59.47
13.35,100.0,100.0,0.0,WalkState,-6.33,-40.29,1.00,0.00,100.0,0.0,0.0,none,0.24,19.41,0.00,0.00,60.06
13.45,100.0,100.0,0.0,WalkState,-5.94,-40.59,1.00,0.00,100.0,0.0,0.0,none,0.24,19.41,0.00,0.00,60.32
13.56,100.0,100.0,0.0,IdleState,-5.58,-40.80,0.00,0.00,100.0,0.0,0.0,none,0.24,19.41,0.00,0.00,60.49
13.67,100.0,100.0,0.0,IdleState,-5.29,-40.97,0.00,0.00,100.0,0.0,0.0,none,0.24,19.41,0.00,0.00,60.64
13.77,100.0,100.0,0.0,IdleState,-5.15,-41.06,0.00,0.00,100.0,0.0,0.0,none,0.24,19.41,0.00,0.00,60.71
13.88,100.0,100.0,0.0,IdleState,-5.07,-41.11,0.00,0.00,100.0,0.0,0.0,none,0.24,19.41,0.00,0.00,60.75
13.99,100.0,100.0,0.0,IdleState,-5.06,-41.11,0.00,0.00,100.0,0.0,0.0,none,0.24,19.41,0.00,0.00,60.75
14.09,100.0,100.0,0.0,IdleState,-5.06,-41.11,0.00,0.00,100.0,0.0,0.0,none,0.24,19.41,0.00,0.00,60.75
14.21,100.0,100.0,0.0,IdleState,-5.06,-41.11,0.00,0.00,100.0,0.0,0.0,none,0.24,19.41,0.00,0.00,60.75
14.31,100.0,100.0,0.0,IdleState,-5.06,-41.11,0.00,0.00,100.0,0.0,0.0,none,0.24,19.41,0.00,0.00,60.75
14.42,100.0,100.0,0.0,IdleState,-5.06,-41.11,0.00,0.00,100.0,0.0,0.0,none,0.24,19.41,0.00,0.00,60.75
14.52,100.0,100.0,0.0,IdleState,-5.06,-41.11,0.00,0.00,100.0,0.0,0.0,none,0.24,19.41,0.00,0.00,60.75
14.63,100.0,100.0,0.0,IdleState,-5.06,-41.11,0.00,0.00,100.0,0.0,0.0,none,0.24,19.41,0.00,0.00,60.75
14.73,100.0,100.0,8.3,IdleState,-5.06,-41.11,0.00,0.00,100.0,0.0,0.0,none,0.24,19.41,0.00,0.00,60.75
14.84,100.0,100.0,6.0,IdleState,-5.06,-41.11,0.00,0.00,100.0,0.0,0.0,none,0.24,19.41,0.00,0.00,60.75
14.94,100.0,100.0,4.0,IdleState,-5.06,-41.11,0.00,0.00,100.0,0.0,0.0,none,0.24,19.41,0.00,0.00,60.75
15.04,100.0,100.0,2.0,IdleState,-5.06,-41.11,0.00,0.00,100.0,0.0,0.0,none,0.24,19.41,0.00,0.00,60.75
15.14,100.0,100.0,0.0,IdleState,-5.06,-41.11,0.00,0.00,100.0,0.0,0.0,none,0.24,19.41,0.00,0.00,60.75
15.25,100.0,99.7,0.0,IdleState,-5.06,-41.11,0.00,0.00,100.0,0.0,0.0,none,0.24,19.41,0.00,0.00,60.75
15.39,100.0,99.8,0.0,IdleState,-5.06,-41.11,0.00,0.00,100.0,0.0,0.0,none,0.24,19.41,0.00,0.00,60.75
15.54,100.0,100.0,0.0,IdleState,-5.06,-41.11,0.00,0.00,100.0,0.0,0.0,none,0.24,19.41,0.00,0.00,60.75
15.64,100.0,100.0,0.0,IdleState,-5.06,-41.11,0.00,0.00,100.0,0.0,0.0,none,0.24,19.41,0.00,0.00,60.75
15.74,100.0,100.0,0.0,IdleState,-5.06,-41.11,0.00,0.00,100.0,0.0,0.0,none,0.24,19.41,0.00,0.00,60.75
15.86,100.0,100.0,0.0,IdleState,-5.06,-41.11,0.00,0.00,100.0,0.0,0.0,none,0.24,19.41,0.00,0.00,60.75
15.96,100.0,100.0,0.0,IdleState,-5.06,-41.11,0.00,0.00,100.0,0.0,0.0,none,0.24,19.41,0.00,0.00,60.75
16.06,100.0,100.0,0.0,IdleState,-5.06,-41.11,0.00,0.00,100.0,0.0,0.0,none,0.24,19.41,0.00,0.00,60.75
16.16,100.0,100.0,0.0,IdleState,-5.06,-41.11,0.00,0.00,100.0,0.0,0.0,none,0.24,19.41,0.00,0.00,60.75
16.26,100.0,100.0,0.0,IdleState,-5.06,-41.11,0.00,0.00,100.0,0.0,0.0,none,0.24,19.41,0.00,0.00,60.75
16.38,100.0,100.0,0.0,IdleState,-5.06,-41.11,0.00,0.00,100.0,0.0,0.0,none,0.24,19.41,0.00,0.00,60.75
16.49,100.0,100.0,0.0,WalkState,-5.06,-41.11,0.00,-1.00,100.0,0.0,0.0,none,0.24,19.41,0.00,0.00,60.75
16.59,100.0,100.0,0.0,WalkState,-5.06,-41.14,0.00,-1.00,100.0,0.0,0.0,none,0.24,19.41,0.00,0.00,60.78
16.70,100.0,100.0,0.0,WalkState,-5.05,-41.21,0.71,-0.71,100.0,0.0,0.0,none,0.24,19.41,0.00,0.00,60.85
16.81,100.0,100.0,0.0,WalkState,-4.99,-41.25,1.00,0.00,100.0,0.0,0.0,none,0.24,19.41,0.00,0.00,60.88
16.96,100.0,100.0,0.0,RunState,-4.83,-41.27,1.00,0.00,100.0,0.0,0.0,none,0.24,19.41,0.00,0.00,60.89
17.06,100.0,100.0,0.0,RunState,-4.60,-41.27,1.00,0.00,100.0,0.0,0.0,none,0.24,19.41,0.00,0.00,60.88
17.18,100.0,100.0,0.0,RunState,-4.21,-41.28,1.00,0.00,100.0,0.0,0.0,none,0.24,19.41,0.00,0.00,60.85
17.29,100.0,100.0,0.0,RunState,-3.74,-41.28,1.00,0.00,100.0,0.0,0.0,none,0.24,19.41,0.00,0.00,60.82
17.42,100.0,100.0,0.0,RunState,-3.09,-41.28,1.00,0.00,100.0,0.0,0.0,none,0.24,19.41,0.00,0.00,60.78
17.53,100.0,100.0,0.0,RunState,-2.58,-41.29,1.00,0.00,100.0,0.0,0.0,none,0.24,19.41,0.00,0.00,60.76
17.63,100.0,100.0,0.0,RunState,-2.04,-41.29,1.00,0.00,100.0,0.0,0.0,none,0.24,19.41,0.00,0.00,60.74
17.76,100.0,100.0,0.0,RunState,-1.24,-41.29,1.00,0.00,100.0,0.0,0.0,none,0.24,19.41,0.00,0.00,60.71
17.91,100.0,100.0,0.0,RunState,-0.40,-41.29,1.00,0.00,100.0,0.0,0.0,none,0.24,19.41,0.00,0.00,60.70
18.02,100.0,100.0,0.0,RunState,0.34,-41.29,1.00,0.00,100.0,0.0,0.0,none,0.24,19.41,0.00,0.00,60.70
18.14,100.0,100.0,0.0,RunState,0.97,-41.29,1.00,0.00,100.0,0.0,0.0,none,0.24,19.41,0.00,0.00,60.70
18.25,100.0,100.0,0.0,RunState,1.73,-41.29,1.00,0.00,100.0,0.0,0.0,none,0.24,19.41,0.00,0.00,60.72
18.40,100.0,100.0,0.0,RunState,2.77,-41.29,1.00,0.00,100.0,0.0,0.0,none,0.24,19.41,0.00,0.00,60.75
18.51,100.0,100.0,0.0,RunState,3.42,-41.29,1.00,0.00,100.0,0.0,0.0,none,0.24,19.41,0.00,0.00,60.78
18.62,100.0,100.0,0.0,RunState,4.08,-41.29,1.00,0.00,100.0,0.0,0.0,none,0.24,19.41,0.00,0.00,60.82
18.73,100.0,100.0,0.0,RunState,4.88,-41.29,1.00,0.00,100.0,0.0,0.0,none,0.24,19.41,0.00,0.00,60.88
18.88,100.0,100.0,0.0,RunState,5.92,-41.24,0.71,0.71,100.0,0.0,0.0,none,0.24,19.41,0.00,0.00,60.91
18.99,100.0,100.0,0.0,RunState,6.48,-41.06,0.71,0.71,100.0,0.0,0.0,none,0.24,19.41,0.00,0.00,60.80
19.10,100.0,100.0,0.0,RunState,7.10,-40.76,0.00,1.00,100.0,0.0,0.0,none,0.24,19.41,0.00,0.00,60.56
19.21,100.0,100.0,0.0,RunState,7.51,-40.41,0.00,1.00,100.0,0.0,0.0,none,0.24,19.41,0.00,0.00,60.26
19.31,100.0,100.0,0.0,RunState,7.80,-39.98,0.00,1.00,100.0,0.0,0.0,none,0.24,19.41,0.00,0.00,59.87
19.43,100.0,100.0,0.0,RunState,8.03,-39.42,-0.71,0.71,100.0,0.0,0.0,none,0.24,19.41,0.00,0.00,59.34
19.53,100.0,100.0,0.0,RunState,8.04,-38.96,-0.71,0.71,100.0,0.0,0.0,none,0.24,19.41,0.00,0.00,58.89
19.64,100.0,100.0,0.0,RunState,7.94,-38.51,-0.71,0.71,100.0,0.0,0.0,none,0.24,19.41,0.00,0.00,58.43
19.75,100.0,100.0,0.0,RunState,7.69,-37.98,-0.71,0.71,100.0,0.0,0.0,none,0.24,19.41,0.00,0.00,57.87
19.87,100.0,100.0,0.0,RunState,7.36,-37.45,-0.71,0.71,100.0,0.0,0.0,none,0.24,19.41,0.00,0.00,57.30
20.02,100.0,100.0,0.0,RunState,6.90,-36.83,-0.71,0.71,100.0,0.0,0.0,none,0.24,19.41,0.00,0.00,56.63
20.17,100.0,100.0,0.0,RunState,6.30,-36.11,-0.71,0.71,100.0,0.0,0.0,none,0.24,19.41,0.00,0.00,55.85
20.32,100.0,100.0,0.0,RunState,5.73,-35.48,-0.71,0.71,100.0,0.0,0.0,none,0.24,19.41,0.00,0.00,55.16
20.42,100.0,100.0,0.0,RunState,5.22,-34.93,-0.71,0.71,100.0,0.0,0.0,none,0.24,19.41,0.00,0.00,54.57
20.54,100.0,100.0,0.0,RunState,4.78,-34.47,-0.71,0.71,100.0,0.0,0.0,none,0.24,19.41,0.00,0.00,54.07
20.65,100.0,100.0,0.0,RunState,4.24,-33.92,-0.71,0.71,100.0,0.0,0.0,none,0.24,19.41,0.00,0.00,53.48
20.80,100.0,100.0,0.0,RunState,3.51,-33.17,-0.71,0.71,100.0,0.0,0.0,none,0.24,19.41,0.00,0.00,52.68
20.96,100.0,100.0,0.0,RunState,2.87,-32.51,-0.71,0.71,100.0,0.0,0.0,none,0.24,19.41,0.00,0.00,51.99
21.07,100.0,100.0,0.0,RunState,2.31,-31.95,-0.71,0.71,100.0,0.0,0.0,none,0.24,19.41,0.00,0.00,51.40
21.18,100.0,100.0,0.0,RunState,1.74,-31.38,-0.71,0.71,100.0,0.0,0.0,none,0.24,19.41,0.00,0.00,50.81
21.29,100.0,100.0,0.0,RunState,1.27,-30.91,-0.71,0.71,100.0,0.0,0.0,none,0.24,19.41,0.00,0.00,50.33
21.45,100.0,100.0,0.0,RunState,0.57,-30.13,0.00,1.00,100.0,0.0,0.0,none,0.24,19.41,0.00,0.00,49.54
21.60,100.0,100.0,0.0,RunState,0.15,-29.36,0.00,1.00,100.0,0.0,0.0,none,0.24,19.41,0.00,0.00,48.77
21.70,100.0,100.0,0.0,RunState,-0.06,-28.79,0.00,1.00,100.0,0.0,0.0,none,0.24,19.41,0.00,0.00,48.20
21.81,100.0,100.0,0.0,RunState,-0.24,-28.06,0.00,1.00,100.0,0.0,0.0,none,0.24,19.41,0.00,0.00,47.48
21.91,100.0,100.0,0.0,RunState,-0.35,-27.45,0.00,1.00,100.0,0.0,0.0,none,0.24,19.41,0.00,0.00,46.86
22.02,100.0,100.0,0.0,RunState,-0.43,-26.82,0.00,1.00,100.0,0.0,0.0,none,0.24,19.41,0.00,0.00,46.23
22.12,100.0,100.0,0.0,RunState,-0.50,-26.05,0.00,1.00,100.0,0.0,0.0,none,0.24,19.41,0.00,0.00,45.47
22.23,100.0,100.0,0.0,RunState,-0.55,-25.40,0.00,1.00,100.0,0.0,0.0,none,0.24,19.41,0.00,0.00,44.82
22.40,100.0,100.0,0.0,RunState,-0.59,-24.36,0.00,1.00,100.0,0.0,0.0,none,0.24,19.41,0.00,0.00,43.77
22.55,100.0,100.0,0.0,RunState,-0.62,-23.30,0.00,1.00,100.0,0.0,0.0,none,0.24,19.41,0.00,0.00,42.72
22.70,100.0,100.0,0.0,RunState,-0.64,-22.24,0.00,1.00,100.0,0.0,0.0,none,0.24,19.41,0.00,0.00,41.65
22.86,100.0,100.0,0.0,RunState,-0.65,-21.17,0.00,1.00,100.0,0.0,0.0,none,0.24,19.41,0.00,0.00,40.58
23.02,100.0,100.0,0.0,RunState,-0.66,-20.09,0.00,1.00,100.0,0.0,0.0,none,0.24,19.41,0.00,0.00,39.51
23.18,100.0,100.0,0.0,RunState,-0.67,-19.15,0.00,1.00,100.0,0.0,0.0,none,0.24,19.41,0.00,0.00,38.57
23.34,100.0,100.0,0.0,RunState,-0.67,-18.07,0.00,1.00,100.0,0.0,0.0,none,0.24,19.41,0.00,0.00,37.49
23.50,100.0,100.0,0.0,RunState,-0.67,-16.99,0.00,1.00,100.0,0.0,0.0,none,0.24,19.41,0.00,0.00,36.41
23.65,100.0,100.0,0.0,RunState,-0.67,-15.91,0.00,1.00,100.0,0.0,0.0,none,0.24,19.41,0.00,0.00,35.33
23.80,100.0,100.0,0.0,RunState,-0.67,-14.83,0.00,1.00,100.0,0.0,0.0,none,0.24,19.41,0.00,0.00,34.25
23.91,100.0,100.0,0.0,RunState,-0.67,-14.15,0.00,1.00,100.0,0.0,0.0,none,0.24,19.41,0.00,0.00,33.57
24.01,100.0,100.0,0.0,RunState,-0.67,-13.47,0.00,1.00,100.0,0.0,0.0,none,0.24,19.41,0.00,0.00,32.90
24.12,100.0,100.0,0.0,RunState,-0.67,-12.66,0.00,1.00,100.0,0.0,0.0,none,0.24,19.41,0.00,0.00,32.09
24.28,100.0,100.0,0.0,RunState,-0.67,-11.71,0.00,1.00,100.0,0.0,0.0,none,0.24,19.41,0.00,0.00,31.14
24.43,100.0,100.0,0.0,RunState,-0.67,-10.63,0.00,1.00,100.0,0.0,0.0,none,0.24,19.41,0.00,0.00,30.05
24.58,100.0,100.0,0.0,RunState,-0.67,-9.68,0.00,1.00,100.0,0.0,0.0,none,0.24,19.41,0.00,0.00,29.11
24.68,100.0,100.0,0.0,RunState,-0.67,-9.01,0.00,1.00,100.0,0.0,0.0,none,0.24,19.41,0.00,0.00,28.43
24.79,100.0,100.0,0.0,RunState,-0.67,-8.19,0.00,1.00,100.0,0.0,0.0,none,0.24,19.41,0.00,0.00,27.62
24.90,100.0,100.0,0.0,RunState,-0.68,-7.52,0.00,1.00,100.0,0.0,0.0,none,0.24,19.41,0.00,0.00,26.94
25.00,100.0,100.0,0.0,RunState,-0.68,-6.84,0.00,1.00,100.0,0.0,0.0,none,0.24,19.41,0.00,0.00,26.26
25.11,100.0,100.0,0.0,RunState,-0.68,-6.03,0.00,1.00,100.0,0.0,0.0,none,0.24,19.41,0.00,0.00,25.45
25.22,100.0,100.0,0.0,RunState,-0.68,-5.35,0.00,1.00,100.0,0.0,0.0,none,0.24,19.41,0.00,0.00,24.77
25.32,100.0,100.0,0.0,RunState,-0.68,-4.67,0.00,1.00,100.0,0.0,0.0,none,0.24,19.41,0.00,0.00,24.10
25.43,100.0,100.0,0.0,RunState,-0.68,-3.86,0.00,1.00,100.0,0.0,0.0,none,0.24,19.41,0.00,0.00,23.29
25.54,100.0,100.0,0.0,RunState,-0.68,-3.18,0.00,1.00,100.0,0.0,0.0,none,0.24,19.41,0.00,0.00,22.61
25.64,100.0,100.0,0.0,RunState,-0.68,-2.50,0.00,1.00,100.0,0.0,0.0,none,0.24,19.41,0.00,0.00,21.93
25.75,100.0,100.0,0.0,RunState,-0.68,-1.69,0.00,1.00,100.0,0.0,0.0,none,0.24,19.41,0.00,0.00,21.12
25.86,100.0,100.0,0.0,RunState,-0.68,-1.01,0.00,1.00,100.0,0.0,0.0,none,0.24,19.41,0.00,0.00,20.44
25.96,100.0,100.0,0.0,RunState,-0.67,-0.33,0.00,1.00,100.0,0.0,0.0,none,0.24,19.41,0.00,0.00,19.77
26.07,100.0,100.0,0.0,RunState,-0.67,0.48,0.00,1.00,100.0,0.0,0.0,none,0.24,19.41,0.00,0.00,18.95
26.18,100.0,100.0,0.0,RunState,-0.66,1.16,0.00,1.00,100.0,0.0,0.0,none,0.24,19.41,0.00,0.00,18.28
26.33,100.0,100.0,0.0,RunState,-0.63,2.24,0.00,1.00,100.0,0.0,0.0,none,0.24,19.41,0.00,0.00,17.19
26.48,100.0,100.0,0.0,RunState,-0.60,3.19,0.00,1.00,100.0,0.0,0.0,none,0.24,19.41,0.00,0.00,16.25
26.63,100.0,100.0,0.0,RunState,-0.56,4.27,0.00,1.00,100.0,0.0,0.0,none,0.24,19.41,0.00,0.00,15.16
26.74,100.0,100.0,0.0,RunState,-0.54,4.94,-0.71,0.71,100.0,0.0,0.0,none,0.24,19.41,0.00,0.00,14.49
26.84,100.0,100.0,0.0,RunState,-0.66,5.69,-0.71,0.71,100.0,0.0,0.0,none,0.24,19.41,0.00,0.00,13.75
26.96,100.0,100.0,0.0,RunState,-0.85,6.29,-0.71,0.71,100.0,0.0,0.0,none,0.24,19.41,0.00,0.00,13.17
27.11,100.0,100.0,0.0,RunState,-1.28,7.19,-0.71,0.71,100.0,0.0,0.0,none,0.24,19.41,0.00,0.00,12.31
27.26,100.0,100.0,0.0,RunState,-1.79,8.07,-0.71,0.71,100.0,0.0,0.0,none,0.24,19.41,0.00,0.00,11.52
27.41,100.0,100.0,0.0,RunState,-2.26,8.84,-0.71,0.71,100.0,0.0,0.0,none,0.24,19.41,0.00,0.00,10.86
27.57,100.0,100.0,0.0,RunState,-2.81,9.73,-0.71,0.71,100.0,0.0,0.0,none,0.24,19.41,0.00,0.00,10.15
27.67,100.0,100.0,0.0,RunState,-3.16,10.29,-0.71,0.71,100.0,0.0,0.0,none,0.24,19.41,0.00,0.00,9.73
27.78,100.0,100.0,0.0,RunState,-3.57,10.96,-1.00,0.00,100.0,0.0,0.0,none,0.24,19.41,0.00,0.00,9.27
27.89,100.0,100.0,0.0,RunState,-3.99,11.44,-1.00,0.00,100.0,0.0,0.0,none,0.24,19.41,0.00,0.00,9.02
27.99,100.0,100.0,0.0,RunState,-4.45,11.87,-1.00,0.00,100.0,0.0,0.0,none,0.24,19.41,0.00,0.00,8.88
28.10,100.0,100.0,0.0,IdleState,-5.00,12.32,0.00,0.00,100.0,0.0,0.0,none,0.24,19.41,0.00,0.00,8.81
28.21,100.0,100.0,0.0,IdleState,-5.34,12.60,0.00,0.00,100.0,0.0,0.0,none,0.24,19.41,0.00,0.00,8.80
28.31,100.0,100.0,0.0,IdleState,-5.58,12.79,0.00,0.00,100.0,0.0,0.0,none,0.24,19.41,0.00,0.00,8.81
28.42,100.0,100.0,0.0,IdleState,-5.73,12.92,0.00,0.00,100.0,0.0,0.0,none,0.24,19.41,0.00,0.00,8.82
28.53,100.0,100.0,0.0,IdleState,-5.82,12.99,0.00,0.00,100.0,0.0,0.0,none,0.24,19.41,0.00,0.00,8.82
28.70,100.0,100.0,0.0,IdleState,-5.84,13.01,0.00,0.00,100.0,0.0,0.0,none,0.24,19.41,0.00,0.00,8.83
28.84,100.0,100.0,0.0,IdleState,-5.84,13.01,0.00,0.00,100.0,0.0,0.0,none,0.24,19.41,0.00,0.00,8.83
29.00,100.0,100.0,0.0,IdleState,-5.84,13.01,0.00,0.00,100.0,0.0,0.0,none,0.24,19.41,0.00,0.00,8.83
29.11,100.0,100.0,0.0,IdleState,-5.84,13.01,0.00,0.00,100.0,0.0,0.0,none,0.24,19.41,0.00,0.00,8.83
29.24,100.0,100.0,0.0,IdleState,-5.84,13.01,0.00,0.00,100.0,0.0,0.0,none,0.24,19.41,0.00,0.00,8.83
